{
  "request_id": "sg_c12_s002_db0ba9e2-1ae3-48d5-8163-5da756c74a54",
  "text": "千问，是阿里巴巴集团旗下的通义实验室自主研发的多模态超大规模语言模型，有什么我可以帮助你的吗？",
  "ttft_ms": 12813.277130946517,
  "ttfa_ms": 9984.079697635025,
  "e2e_total_ms": 32905.22983390838,
  "audio_chunk_count": 28,
  "audio_duration_s": 8.800000000000002,
  "inter_chunk_ms": [
    180.86199695244431,
    218.71043322607875,
    215.63991298899055,
    325.21584583446383,
    58.08610422536731,
    259.481739718467,
    10413.06010633707,
    53.99916786700487,
    53.770256228744984,
    53.81329357624054,
    52.89263930171728,
    53.702245000749826,
    53.686977829784155,
    53.47429821267724,
    53.26043488457799,
    53.79547877237201,
    54.36808615922928,
    64.37918404117227,
    63.5585100390017,
    63.55975987389684,
    65.81838196143508,
    64.72485791891813,
    56.62472220137715,
    52.204153034836054,
    53.976901806890965,
    52.93407617136836,
    52.099032793194056
  ],
  "prompt_tokens": 36560,
  "completion_tokens": 27,
  "wav_path": "results/sg_realtime_c12_decodebatch8_ready_subset1_mem080_item256m_omitcached_trimfix_cache2048_64g_run12_relay1024_cvd345_8162_20260630_103902/client_c12_realtime_audio_vllmstyle_sil672_stagger0_temp1_barrier_104103/sample_02/sg_c12_s002_db0ba9e2-1ae3-48d5-8163-5da756c74a54.wav",
  "sample_idx": 2,
  "success": true,
  "error": null,
  "pre_run_total_ms": 302581.8145875819,
  "pre_run_avg_ms": 7564.545364689548,
  "batch_idx": 2,
  "sil_start_idx": 26960,
  "video_start_idx": 26960,
  "question_idx": 2,
  "last_audio_ms": 22781.778294593096,
  "audio_tail_ms": 12797.698596958071,
  "finish_tail_ms": 10123.451539315283,
  "chunk_interval_avg_ms": 473.988836924373,
  "audio_tail_rtf": 1.4542839314725078
}