{
  "request_id": "sg_c12_s010_1735a574-31f7-4bc2-acf2-76dc9772b660",
  "text": "我叫通义千问Omni，是阿里巴巴集团旗下的通义实验室自主研发的多模态超大规模语言模型，有什么我可以帮助你的吗？",
  "ttft_ms": 8753.815236035734,
  "ttfa_ms": 10031.822256278247,
  "e2e_total_ms": 34938.85378818959,
  "audio_chunk_count": 27,
  "audio_duration_s": 8.400000000000002,
  "inter_chunk_ms": [
    180.89814810082316,
    219.75698368623853,
    270.90114215388894,
    330.5770647712052,
    89.77916138246655,
    288.33575593307614,
    203.09322699904442,
    13650.068110786378,
    53.397180046886206,
    54.54645678400993,
    51.9869914278388,
    53.033226635307074,
    53.27716609463096,
    54.05384628102183,
    39.349698927253485,
    41.78693378344178,
    41.838170029222965,
    41.72785114496946,
    41.78366390988231,
    45.19834881648421,
    53.71170211583376,
    54.608243983238935,
    51.733620930463076,
    51.704749930649996,
    53.569731302559376,
    34.104333724826574
  ],
  "prompt_tokens": 36560,
  "completion_tokens": 31,
  "wav_path": "results/sg_realtime_c12_decodebatch8_ready_subset1_mem080_item256m_omitcached_trimfix_cache2048_64g_run12_relay1024_cvd345_8162_20260630_103902/client_c12_realtime_audio_vllmstyle_sil672_stagger0_temp1_barrier_104103/sample_10/sg_c12_s010_1735a574-31f7-4bc2-acf2-76dc9772b660.wav",
  "sample_idx": 10,
  "success": true,
  "error": null,
  "pre_run_total_ms": 306069.20259352773,
  "pre_run_avg_ms": 7651.730064838193,
  "batch_idx": 4,
  "sil_start_idx": 27280,
  "video_start_idx": 27280,
  "question_idx": 10,
  "last_audio_ms": 26136.64376595989,
  "audio_tail_ms": 16104.821509681642,
  "finish_tail_ms": 8802.210022229701,
  "chunk_interval_avg_ms": 619.4162119108324,
  "audio_tail_rtf": 1.9172406559144808
}