{
  "request_id": "sg_c12_s004_cb586d43-01fd-431d-acb9-05c80e459d15",
  "text": "我叫通义千问Omni，是阿里巴巴集团旗下的通义实验室自主研发的多模态超大规模语言模型，有什么我可以帮助你的吗？",
  "ttft_ms": 6968.83689891547,
  "ttfa_ms": 10047.76856303215,
  "e2e_total_ms": 34407.72262820974,
  "audio_chunk_count": 30,
  "audio_duration_s": 9.360000000000003,
  "inter_chunk_ms": [
    179.71571488305926,
    220.20343411713839,
    205.12030785903335,
    231.6545550711453,
    105.39216594770551,
    292.86435805261135,
    268.31057015806437,
    13036.389445886016,
    53.64519823342562,
    54.33348985388875,
    53.14582912251353,
    52.2794546559453,
    53.51868225261569,
    54.10803994163871,
    46.18170903995633,
    41.92231083288789,
    41.584929917007685,
    42.13316831737757,
    41.63922369480133,
    41.67465306818485,
    45.150135178118944,
    53.78702376037836,
    53.552869241684675,
    54.43313391879201,
    52.06514894962311,
    53.08318929746747,
    52.22150683403015,
    54.22002309933305,
    34.075474832206964
  ],
  "prompt_tokens": 36560,
  "completion_tokens": 31,
  "wav_path": "results/sg_realtime_c12_decodebatch8_ready_subset1_mem080_item256m_omitcached_trimfix_cache2048_64g_run12_relay1024_cvd345_8162_20260630_103902/client_c12_realtime_audio_vllmstyle_sil672_stagger0_temp1_barrier_104103/sample_04/sg_c12_s004_cb586d43-01fd-431d-acb9-05c80e459d15.wav",
  "sample_idx": 4,
  "success": true,
  "error": null,
  "pre_run_total_ms": 303777.85689011216,
  "pre_run_avg_ms": 7594.446422252804,
  "batch_idx": 4,
  "sil_start_idx": 27040,
  "video_start_idx": 27040,
  "question_idx": 4,
  "last_audio_ms": 25616.1743090488,
  "audio_tail_ms": 15568.405746016651,
  "finish_tail_ms": 8791.548319160938,
  "chunk_interval_avg_ms": 536.8415774488501,
  "audio_tail_rtf": 1.6632912121812655
}