{
  "request_id": "sg_c12_s008_2173b1a8-977f-4a6e-968b-5f278e9e8eea",
  "text": "我叫千问，是阿里巴巴集团旗下的通义实验室自主研发的多模态超大规模语言模型，有什么我可以帮助你的吗？",
  "ttft_ms": 8386.837047990412,
  "ttfa_ms": 9996.432095766068,
  "e2e_total_ms": 33655.90190468356,
  "audio_chunk_count": 29,
  "audio_duration_s": 9.200000000000003,
  "inter_chunk_ms": [
    181.05161795392632,
    219.27976235747337,
    215.0208498351276,
    231.23653000220656,
    239.18412812054157,
    281.18992503732443,
    12022.271198686212,
    58.23511118069291,
    52.555725909769535,
    54.20617200434208,
    54.642681032419205,
    52.72478424012661,
    52.83952597528696,
    53.71279502287507,
    54.532586596906185,
    43.54965128004551,
    44.9748900718987,
    54.497309029102325,
    52.242664620280266,
    52.64123622328043,
    53.190549835562706,
    52.88682598620653,
    54.50988933444023,
    53.40348370373249,
    52.88246413692832,
    53.90338413417339,
    52.431690972298384,
    65.83228800445795
  ],
  "prompt_tokens": 36560,
  "completion_tokens": 27,
  "wav_path": "results/sg_realtime_c12_decodebatch8_ready_subset1_mem080_item256m_omitcached_trimfix_cache2048_64g_run12_relay1024_cvd345_8162_20260630_103902/client_c12_realtime_audio_vllmstyle_sil672_stagger0_temp1_barrier_104103/sample_08/sg_c12_s008_2173b1a8-977f-4a6e-968b-5f278e9e8eea.wav",
  "sample_idx": 8,
  "success": true,
  "error": null,
  "pre_run_total_ms": 305329.66624898836,
  "pre_run_avg_ms": 7633.241656224709,
  "batch_idx": 2,
  "sil_start_idx": 27200,
  "video_start_idx": 27200,
  "question_idx": 8,
  "last_audio_ms": 24506.061817053705,
  "audio_tail_ms": 14509.629721287638,
  "finish_tail_ms": 9149.840087629855,
  "chunk_interval_avg_ms": 518.2010614745585,
  "audio_tail_rtf": 1.5771336653573513
}