{
  "request_id": "sg_c12_s000_6f074ede-2d97-4ed0-b549-f297ba24421b",
  "text": "我叫千问，是阿里巴巴集团旗下的通义实验室自主研发的多模态超大规模语言模型，有什么我可以帮助你的吗？",
  "ttft_ms": 4441.332922317088,
  "ttfa_ms": 9966.929416172206,
  "e2e_total_ms": 32262.638197280467,
  "audio_chunk_count": 31,
  "audio_duration_s": 9.680000000000003,
  "inter_chunk_ms": [
    181.34597409516573,
    218.43938576057553,
    208.32258695736527,
    247.6859982125461,
    95.39179783314466,
    250.7575899362564,
    9151.559619233012,
    39.57756608724594,
    42.39176074042916,
    42.00916504487395,
    41.91589914262295,
    41.86829272657633,
    42.34372731298208,
    42.024255730211735,
    42.32295602560043,
    41.89985292032361,
    42.00523113831878,
    42.073717806488276,
    51.110740285366774,
    53.766840137541294,
    53.644153755158186,
    52.83413082361221,
    54.239445365965366,
    54.3978619389236,
    54.82980189844966,
    52.37080994993448,
    54.447546135634184,
    64.40648389980197,
    64.00287989526987,
    48.130696173757315
  ],
  "prompt_tokens": 36560,
  "completion_tokens": 27,
  "wav_path": "results/sg_realtime_c12_decodebatch8_ready_subset1_mem080_item256m_omitcached_trimfix_cache2048_64g_run12_relay1024_cvd345_8162_20260630_103902/client_c12_realtime_audio_vllmstyle_sil672_stagger0_temp1_barrier_104103/sample_00/sg_c12_s000_6f074ede-2d97-4ed0-b549-f297ba24421b.wav",
  "sample_idx": 0,
  "success": true,
  "error": null,
  "pre_run_total_ms": 296984.5785787329,
  "pre_run_avg_ms": 7424.614464468323,
  "batch_idx": 0,
  "sil_start_idx": 26880,
  "video_start_idx": 26880,
  "question_idx": 0,
  "last_audio_ms": 21439.04618313536,
  "audio_tail_ms": 11472.116766963154,
  "finish_tail_ms": 10823.592014145106,
  "chunk_interval_avg_ms": 382.40389223210514,
  "audio_tail_rtf": 1.1851360296449536
}