{
  "request_id": "sg_c12_s009_0cae33d7-35b5-4743-bb6b-a1caf2cc9fd8",
  "text": "我叫千问，是阿里巴巴集团旗下的通义实验室自主研发的多模态超大规模语言模型，有什么我可以帮助你的吗？",
  "ttft_ms": 8463.521193247288,
  "ttfa_ms": 10051.754880230874,
  "e2e_total_ms": 33905.162926297635,
  "audio_chunk_count": 26,
  "audio_duration_s": 8.320000000000002,
  "inter_chunk_ms": [
    180.64132006838918,
    220.11945769190788,
    204.7730921767652,
    231.94893915206194,
    207.98001484945416,
    288.95789198577404,
    12583.290715236217,
    53.08521585538983,
    52.71637486293912,
    52.322865929454565,
    53.66471502929926,
    54.567279294133186,
    53.40305669233203,
    52.96162236481905,
    52.88583692163229,
    53.19705372676253,
    47.4766599945724,
    43.813301250338554,
    53.206468001008034,
    54.42013265565038,
    53.79916122183204,
    53.3378841355443,
    51.95723008364439,
    54.08619483932853,
    53.500284906476736
  ],
  "prompt_tokens": 36560,
  "completion_tokens": 27,
  "wav_path": "results/sg_realtime_c12_decodebatch8_ready_subset1_mem080_item256m_omitcached_trimfix_cache2048_64g_run12_relay1024_cvd345_8162_20260630_103902/client_c12_realtime_audio_vllmstyle_sil672_stagger0_temp1_barrier_104103/sample_09/sg_c12_s009_0cae33d7-35b5-4743-bb6b-a1caf2cc9fd8.wav",
  "sample_idx": 9,
  "success": true,
  "error": null,
  "pre_run_total_ms": 305702.95530045405,
  "pre_run_avg_ms": 7642.573882511351,
  "batch_idx": 3,
  "sil_start_idx": 27240,
  "video_start_idx": 27240,
  "question_idx": 9,
  "last_audio_ms": 24913.8676491566,
  "audio_tail_ms": 14862.112768925726,
  "finish_tail_ms": 8991.295277141035,
  "chunk_interval_avg_ms": 594.484510757029,
  "audio_tail_rtf": 1.7863116308804956
}