{
  "request_id": "sg_c12_s007_4f5bfd4a-a299-42ea-af86-1bae9c7a1b58",
  "text": "我叫千问，是阿里巴巴集团旗下的通义实验室自主研发的多模态超大规模语言模型，有什么我可以帮助你的吗？",
  "ttft_ms": 7771.308149211109,
  "ttfa_ms": 10025.020061060786,
  "e2e_total_ms": 33401.064216159284,
  "audio_chunk_count": 27,
  "audio_duration_s": 8.400000000000002,
  "inter_chunk_ms": [
    182.2140938602388,
    218.70171604678035,
    215.36775724962354,
    230.88088585063815,
    179.26938505843282,
    322.18383299186826,
    11452.745722141117,
    51.65729997679591,
    52.77447775006294,
    53.101059049367905,
    53.76625619828701,
    52.457356825470924,
    54.47233701124787,
    53.6521770991385,
    53.23215574026108,
    51.8358564004302,
    63.99772176519036,
    65.17066713422537,
    48.392364755272865,
    54.22501219436526,
    55.41672604158521,
    51.76200205460191,
    53.48191084340215,
    53.29685006290674,
    53.80536708980799,
    35.95480369403958
  ],
  "prompt_tokens": 36560,
  "completion_tokens": 27,
  "wav_path": "results/sg_realtime_c12_decodebatch8_ready_subset1_mem080_item256m_omitcached_trimfix_cache2048_64g_run12_relay1024_cvd345_8162_20260630_103902/client_c12_realtime_audio_vllmstyle_sil672_stagger0_temp1_barrier_104103/sample_07/sg_c12_s007_4f5bfd4a-a299-42ea-af86-1bae9c7a1b58.wav",
  "sample_idx": 7,
  "success": true,
  "error": null,
  "pre_run_total_ms": 304954.28032800555,
  "pre_run_avg_ms": 7623.857008200139,
  "batch_idx": 1,
  "sil_start_idx": 27160,
  "video_start_idx": 27160,
  "question_idx": 7,
  "last_audio_ms": 23838.835855945945,
  "audio_tail_ms": 13813.815794885159,
  "finish_tail_ms": 9562.22836021334,
  "chunk_interval_avg_ms": 531.300607495583,
  "audio_tail_rtf": 1.644501880343471
}