{
  "request_id": "sg_c12_s003_e130961f-5108-4858-9ed9-b600ad0394ea",
  "text": "我叫千问，是阿里巴巴集团旗下的通义实验室自主研发的多模态超大规模语言模型，有什么我可以帮助你的吗？",
  "ttft_ms": 6339.451995678246,
  "ttfa_ms": 10067.80314585194,
  "e2e_total_ms": 33191.01146282628,
  "audio_chunk_count": 28,
  "audio_duration_s": 8.880000000000003,
  "inter_chunk_ms": [
    179.5056271366775,
    220.30365886166692,
    204.7324269078672,
    232.05830994993448,
    95.8983963355422,
    249.9100249260664,
    11039.818659890443,
    63.88479517772794,
    64.03502961620688,
    65.56705199182034,
    65.15514198690653,
    49.913013353943825,
    53.160933777689934,
    52.79656685888767,
    53.72090730816126,
    56.02213693782687,
    51.74529179930687,
    52.93144704774022,
    52.676788065582514,
    53.52991120889783,
    52.30852775275707,
    54.44552330300212,
    54.13853796198964,
    52.88899363949895,
    52.38603102043271,
    62.360084149986506,
    73.73553607612848
  ],
  "prompt_tokens": 36560,
  "completion_tokens": 27,
  "wav_path": "results/sg_realtime_c12_decodebatch8_ready_subset1_mem080_item256m_omitcached_trimfix_cache2048_64g_run12_relay1024_cvd345_8162_20260630_103902/client_c12_realtime_audio_vllmstyle_sil672_stagger0_temp1_barrier_104103/sample_03/sg_c12_s003_e130961f-5108-4858-9ed9-b600ad0394ea.wav",
  "sample_idx": 3,
  "success": true,
  "error": null,
  "pre_run_total_ms": 302786.0636455007,
  "pre_run_avg_ms": 7569.651591137517,
  "batch_idx": 3,
  "sil_start_idx": 27000,
  "video_start_idx": 27000,
  "question_idx": 3,
  "last_audio_ms": 23427.432498894632,
  "audio_tail_ms": 13359.629353042692,
  "finish_tail_ms": 9763.57896393165,
  "chunk_interval_avg_ms": 494.8010871497293,
  "audio_tail_rtf": 1.5044627649822848
}