{
  "request_id": "sg_c12_s011_d197e09b-c1e9-43b9-b993-9d4a58204f2b",
  "text": "我叫Qwen3.5，是阿里巴巴最新推出的通义千问大语言模型。有什么我可以帮助你的吗？",
  "ttft_ms": 8843.494998291135,
  "ttfa_ms": 9985.227046068758,
  "e2e_total_ms": 32396.426077000797,
  "audio_chunk_count": 21,
  "audio_duration_s": 6.6400000000000015,
  "inter_chunk_ms": [
    180.31975021585822,
    218.99923495948315,
    215.04109306260943,
    231.2940265983343,
    303.8600371219218,
    285.7579500414431,
    9417.35706385225,
    53.66387916728854,
    53.391220048069954,
    53.143107797950506,
    54.33934833854437,
    54.4018168002367,
    53.77566209062934,
    53.31716779619455,
    54.709602147340775,
    65.65567292273045,
    64.45291126146913,
    55.910876020789146,
    52.277902606874704,
    62.66282731667161
  ],
  "prompt_tokens": 36560,
  "completion_tokens": 26,
  "wav_path": "results/sg_realtime_c12_decodebatch8_ready_subset1_mem080_item256m_omitcached_trimfix_cache2048_64g_run12_relay1024_cvd345_8162_20260630_103902/client_c12_realtime_audio_vllmstyle_sil672_stagger0_temp1_barrier_104103/sample_11/sg_c12_s011_d197e09b-c1e9-43b9-b993-9d4a58204f2b.wav",
  "sample_idx": 11,
  "success": true,
  "error": null,
  "pre_run_total_ms": 306424.9003906734,
  "pre_run_avg_ms": 7660.622509766836,
  "batch_idx": 5,
  "sil_start_idx": 27320,
  "video_start_idx": 27320,
  "question_idx": 11,
  "last_audio_ms": 21569.558196235448,
  "audio_tail_ms": 11584.33115016669,
  "finish_tail_ms": 10826.867880765349,
  "chunk_interval_avg_ms": 579.2165575083345,
  "audio_tail_rtf": 1.7446281852660674
}