{
  "request_id": "sg_c12_s006_f4684f79-3c6c-4bd6-a212-b5047fc0ae99",
  "text": "我叫千问多模态大模型，是阿里巴巴集团旗下的通义实验室自主研发的多模态超大规模语言模型，有什么我可以帮助你的吗？",
  "ttft_ms": 7623.957557603717,
  "ttfa_ms": 10007.460861001164,
  "e2e_total_ms": 36180.091676767915,
  "audio_chunk_count": 33,
  "audio_duration_s": 10.560000000000004,
  "inter_chunk_ms": [
    181.08915677294135,
    220.56526178494096,
    213.83299911394715,
    231.37344792485237,
    162.20566537231207,
    322.870590724051,
    228.43143017962575,
    14800.230620894581,
    49.90421608090401,
    50.781774800270796,
    49.90517208352685,
    50.03902409225702,
    50.820425152778625,
    50.28496589511633,
    50.20786076784134,
    51.517246291041374,
    51.83460284024477,
    50.54004117846489,
    50.38452288135886,
    50.948315765708685,
    50.47094216570258,
    52.035179920494556,
    34.315395168960094,
    39.201365783810616,
    39.70462828874588,
    39.26237905398011,
    39.394843857735395,
    39.1596257686615,
    39.20579608529806,
    39.24561012536287,
    39.16432289406657,
    39.396238047629595
  ],
  "prompt_tokens": 36560,
  "completion_tokens": 32,
  "wav_path": "results/sg_realtime_c12_decodebatch8_ready_subset1_mem080_item256m_omitcached_trimfix_cache2048_64g_run12_relay1024_cvd345_8162_20260630_103902/client_c12_realtime_audio_vllmstyle_sil672_stagger0_temp1_barrier_104103/sample_06/sg_c12_s006_f4684f79-3c6c-4bd6-a212-b5047fc0ae99.wav",
  "sample_idx": 6,
  "success": true,
  "error": null,
  "pre_run_total_ms": 304558.38920827955,
  "pre_run_avg_ms": 7613.959730206989,
  "batch_idx": 0,
  "sil_start_idx": 27120,
  "video_start_idx": 27120,
  "question_idx": 6,
  "last_audio_ms": 27465.784528758377,
  "audio_tail_ms": 17458.323667757213,
  "finish_tail_ms": 8714.307148009539,
  "chunk_interval_avg_ms": 545.5726146174129,
  "audio_tail_rtf": 1.6532503473254931
}