{
  "trunk_size": 40,
  "concurrency": 12,
  "total_samples": 12,
  "completed": 12,
  "failed": 0,
  "elapsed_s": 342.63981437683105,
  "actual_elapsed_s": 36.1880894000642,
  "serialize_prerun": false,
  "barrier_prerun": true,
  "skip_prerun": false,
  "qps": 0.035022199687519524,
  "mode": "text_audio",
  "max_tokens": 64,
  "prerun_max_tokens": 0,
  "bang_count": 0,
  "bang_sample_indices": [],
  "ttft_avg_ms": 7808.8450598685695,
  "ttft_p50_ms": 7771.308149211109,
  "ttft_p95_ms": 8843.494998291135,
  "ttft_p99_ms": 12813.277130946517,
  "ttfa_avg_ms": 10013.028812090246,
  "ttfa_p50_ms": 10017.658880911767,
  "ttfa_p95_ms": 10051.754880230874,
  "ttfa_p99_ms": 10067.80314585194,
  "last_audio_avg_ms": 24275.350332066108,
  "last_audio_p50_ms": 24506.061817053705,
  "last_audio_p95_ms": 27069.233282934874,
  "last_audio_p99_ms": 27465.784528758377,
  "audio_tail_avg_ms": 14262.321519975862,
  "audio_tail_p50_ms": 14509.629721287638,
  "audio_tail_p95_ms": 17051.574402023107,
  "audio_tail_p99_ms": 17458.323667757213,
  "audio_tail_rtf_avg": 1.5977085319841047,
  "audio_tail_rtf_p95": 1.7863116308804956,
  "finish_tail_avg_ms": 9519.386786928711,
  "finish_tail_p50_ms": 9562.22836021334,
  "finish_tail_p95_ms": 10823.592014145106,
  "finish_tail_p99_ms": 10826.867880765349,
  "chunk_interval_avg_per_req_ms": 521.4877415901768,
  "chunk_interval_all_avg_ms": 518.6298734536676,
  "chunk_interval_all_p50_ms": 53.70833305642009,
  "chunk_interval_all_p95_ms": 303.8600371219218,
  "chunk_interval_all_p99_ms": 13036.389445886016,
  "audio_chunk_count_avg": 28.5,
  "e2e_avg_ms": 33794.73711899482,
  "e2e_p50_ms": 33655.90190468356,
  "e2e_p95_ms": 35601.50796780363,
  "e2e_p99_ms": 36180.091676767915,
  "audio_duration_avg_s": 8.96666666666667,
  "prompt_tokens_avg": 36560.0,
  "completion_tokens_avg": 28.416666666666668,
  "profile_actual_run_id": null,
  "profile_actual_event_dir": null,
  "profile_actual_json": null,
  "errors": []
}