{
  "request_id": "sg_c12_s001_753344fc-e4ef-482d-b0ad-5d24967f4374",
  "text": "我叫千问，是阿里巴巴集团旗下的通义实验室自主研发的多模态超大规模语言模型，有什么我可以帮助你的吗？",
  "ttft_ms": 6214.016211219132,
  "ttfa_ms": 9974.38884107396,
  "e2e_total_ms": 32691.23474881053,
  "audio_chunk_count": 29,
  "audio_duration_s": 9.040000000000003,
  "inter_chunk_ms": [
    182.29543417692184,
    218.47477555274963,
    215.89646115899086,
    239.83118822798133,
    104.24183588474989,
    259.57182003185153,
    10168.30221703276,
    64.63698577135801,
    53.11801889911294,
    51.94685934111476,
    55.167023092508316,
    51.83766270056367,
    53.70833305642009,
    54.85034501180053,
    52.70195286720991,
    53.27621893957257,
    53.78883611410856,
    53.39572299271822,
    53.45282517373562,
    53.15411789342761,
    53.842101246118546,
    54.23978762701154,
    61.6684933193028,
    64.72752569243312,
    63.73157538473606,
    64.40969975665212,
    65.65745314583182,
    43.47349191084504
  ],
  "prompt_tokens": 36560,
  "completion_tokens": 27,
  "wav_path": "results/sg_realtime_c12_decodebatch8_ready_subset1_mem080_item256m_omitcached_trimfix_cache2048_64g_run12_relay1024_cvd345_8162_20260630_103902/client_c12_realtime_audio_vllmstyle_sil672_stagger0_temp1_barrier_104103/sample_01/sg_c12_s001_753344fc-e4ef-482d-b0ad-5d24967f4374.wav",
  "sample_idx": 1,
  "success": true,
  "error": null,
  "pre_run_total_ms": 298428.41413943097,
  "pre_run_avg_ms": 7460.710353485774,
  "batch_idx": 1,
  "sil_start_idx": 26920,
  "video_start_idx": 26920,
  "question_idx": 1,
  "last_audio_ms": 22539.787603076547,
  "audio_tail_ms": 12565.398762002587,
  "finish_tail_ms": 10151.447145733982,
  "chunk_interval_avg_ms": 448.7642415000924,
  "audio_tail_rtf": 1.389977739159578
}