{
  "request_id": "sg_c12_s005_0c924687-230a-416d-85e1-12d676dbda44",
  "text": "我叫千问多模态大模型，是阿里巴巴集团旗下的通义实验室自主研发的多模态超大规模语言模型，有什么我可以帮助你的吗？",
  "ttft_ms": 7086.291376966983,
  "ttfa_ms": 10017.658880911767,
  "e2e_total_ms": 35601.50796780363,
  "audio_chunk_count": 33,
  "audio_duration_s": 10.320000000000004,
  "inter_chunk_ms": [
    181.22896179556847,
    219.56813102588058,
    215.8059631474316,
    230.38092022761703,
    162.18928201124072,
    279.5272539369762,
    275.1443227753043,
    14323.24294699356,
    53.495984990149736,
    52.6752732694149,
    51.667275838553905,
    52.658766973763704,
    40.36268685013056,
    41.58048331737518,
    41.648338083177805,
    41.82236874476075,
    47.241678927093744,
    50.96653616055846,
    49.85063802450895,
    50.16509210690856,
    50.218562595546246,
    50.29264418408275,
    50.567339174449444,
    51.21955368667841,
    50.671395380049944,
    51.49742774665356,
    50.68691819906235,
    50.51345471292734,
    50.22931005805731,
    51.56558519229293,
    49.98404998332262,
    32.905255910009146
  ],
  "prompt_tokens": 36560,
  "completion_tokens": 32,
  "wav_path": "results/sg_realtime_c12_decodebatch8_ready_subset1_mem080_item256m_omitcached_trimfix_cache2048_64g_run12_relay1024_cvd345_8162_20260630_103902/client_c12_realtime_audio_vllmstyle_sil672_stagger0_temp1_barrier_104103/sample_05/sg_c12_s005_0c924687-230a-416d-85e1-12d676dbda44.wav",
  "sample_idx": 5,
  "success": true,
  "error": null,
  "pre_run_total_ms": 304169.2533409223,
  "pre_run_avg_ms": 7604.231333523057,
  "batch_idx": 5,
  "sil_start_idx": 27080,
  "video_start_idx": 27080,
  "question_idx": 5,
  "last_audio_ms": 27069.233282934874,
  "audio_tail_ms": 17051.574402023107,
  "finish_tail_ms": 8532.274684868753,
  "chunk_interval_avg_ms": 532.8617000632221,
  "audio_tail_rtf": 1.6522843412813082
}